{
  "id": "",
  "name": "",
  "font_family": "iconfont",
  "css_prefix_text": "icon-",
  "description": "",
  "glyphs": [
    {
      "icon_id": "11674275",
      "name": "内存",
      "font_class": "neicun",
      "unicode": "e712",
      "unicode_decimal": 59154
    },
    {
      "icon_id": "11674277",
      "name": "放大",
      "font_class": "fangda",
      "unicode": "e713",
      "unicode_decimal": 59155
    },
    {
      "icon_id": "11674280",
      "name": "设置",
      "font_class": "shezhi",
      "unicode": "e714",
      "unicode_decimal": 59156
    },
    {
      "icon_id": "11678525",
      "name": "ic_extension_24px",
      "font_class": "ic_extension_px",
      "unicode": "e64b",
      "unicode_decimal": 58955
    },
    {
      "icon_id": "11736981",
      "name": "detection",
      "font_class": "detection",
      "unicode": "e62f",
      "unicode_decimal": 58927
    },
    {
      "icon_id": "11737032",
      "name": "wifi",
      "font_class": "wifi",
      "unicode": "e63a",
      "unicode_decimal": 58938
    }
  ]
}
